feature,HR,p_value
Classified Theme Grouped_Market Availability & Formulation,0.5806154096107226,0.03669492050172704
Document Type_reconsideration,0.7703706297216524,0.6125200012305563
Petition Source Year,1.0495511152192383,0.00029034543421276575
Responding Center Grouped_pending,3.5393745517726243e-10,0.9868223115779816
Submitter Type_individual,0.9070723559355905,0.6413300081296819
Submitter Type_law/consulting,0.8794954615502312,0.45282136792793426
Submitter Type_other,0.7277689595808396,0.7581754021836079
